{
    "loss": 118.10150909423828,
    "accuracy": 0.47668811678886414
}